<!DOCTYPE hibernate-configuration PUBLIC
        "-//Hibernate/Hibernate Configuration DTD 3.0//EN"
        "http://www.hibernate.org/dtd/hibernate-configuration-3.0.dtd">
<hibernate-configuration>
    <session-factory>
        <!-- JDBC Database connection settings -->
        
        <property name="connection.driver_class">com.mysql.jdbc.Driver</property>
        <property name="connection.url">jdbc:mysql://localhost:3306/varshitha</property>
        <property name="connection.username">root</property>
        <property name="connection.password">varshitha@947</property>
          
        <property name="connection.pool_size">15</property>
          <property name="show_sql">true</property>     
        <property name="dialect">org.hibernate.dialect.MySQLDialect</property>
        <property name="hbm2ddl.auto">update</property> 
        <property name="hibernate.cache.use_second_level_cache">true</property> 
        <property name="hibernate.cache.region.factory_class">org.hibernate.cache.ehcache.EhCacheRegionFactory </property>  
        <mapping class="model.Model"/>
    </session-factory>
</hibernate-configuration>

